{
    "scheme": "1.3",
    "providesObj": true,
    "providesMtl": false,
    "name": "hack_spring_ui.json",
    "limbs": {
        "anchor": {
            "opacity": 0
        },
        "spring1": {
            "origin": [
                0.0010196641087532043,
                0.8125278353691101,
                -0.0008041560649871826
            ],
            "smooth": true,
            "parent": "anchor"
        },
        "cube1": {
            "origin": [
                0.0002661733888089657,
                0.25,
                -1.887447531601083e-08
            ],
            "smooth": true,
            "parent": "anchor"
        }
    },
    "poses": {
        "standing": {
            "size": [
                0.6,
                1.8,
                0.6
            ],
            "limbs": {
                "spring1": {
                    "translate": [
                        0.01631462574005127,
                        13.000445365905762,
                        0.012866497039794922
                    ]
                },
                "cube1": {
                    "translate": [
                        0.004258774220943451,
                        4.0,
                        3.019916050561733e-07
                    ]
                }
            }
        },
        "sneaking": {
            "size": [
                0.6,
                1.8,
                0.6
            ],
            "limbs": {
                "spring1": {
                    "translate": [
                        0.01631462574005127,
                        13.000445365905762,
                        0.012866497039794922
                    ]
                },
                "cube1": {
                    "translate": [
                        0.004258774220943451,
                        4.0,
                        3.019916050561733e-07
                    ]
                }
            }
        },
        "sleeping": {
            "size": [
                0.6,
                1.8,
                0.6
            ],
            "limbs": {
                "spring1": {
                    "translate": [
                        0.01631462574005127,
                        13.000445365905762,
                        0.012866497039794922
                    ]
                },
                "cube1": {
                    "translate": [
                        0.004258774220943451,
                        4.0,
                        3.019916050561733e-07
                    ]
                }
            }
        },
        "flying": {
            "size": [
                0.6,
                1.8,
                0.6
            ],
            "limbs": {
                "spring1": {
                    "translate": [
                        0.01631462574005127,
                        13.000445365905762,
                        0.012866497039794922
                    ]
                },
                "cube1": {
                    "translate": [
                        0.004258774220943451,
                        4.0,
                        3.019916050561733e-07
                    ]
                }
            }
        }
    }
}